seed,num_of_sce, runtime
12,5,21525.455019
17,5,23921.493917
15,5,27756.459676
13,5,37794.097134
18,5,26181.260228
20,5,26665.849591
