numsam,seed,model_type,training_time_sec,r2_score,mape_percent
500,10,NN,6.169565439224243,0.9342204332351685,9.686484187841415
500,10,LR,0.755253791809082,0.8369868993759155,17.908993363380432
