numsam,seed,model_type,training_time_sec,r2_score,mape_percent
500,6,NN,17.47796106338501,0.8715662360191345,13.984283804893494
500,6,LR,2.934969663619995,0.6943719387054443,29.269465804100037
