numsam,seed,model_type,training_time_sec,r2_score,mape_percent
500,7,NN,4.169040679931641,0.9414088129997253,11.869126558303833
500,7,LR,0.19246935844421387,0.6945627927780151,28.31708788871765
