numsam,seed,model_type,training_time_sec,r2_score,mape_percent
500,9,NN,3.6431264877319336,0.9303557276725769,11.08662411570549
500,9,LR,5.340522289276123,0.7382631301879883,25.986140966415405
