numsam,seed,model_type,training_time_sec,r2_score,mape_percent
500,5,NN,19.990436792373657,0.9358384609222412,11.78785189986229
500,5,LR,0.20843815803527832,0.7727883458137512,28.32956314086914
