numsam,seed,model_type,training_time_sec,r2_score,mape_percent
500,4,NN,11.989799499511719,0.8589445352554321,13.451215624809265
500,4,LR,0.24623394012451172,0.543476939201355,27.871257066726685
