numsam,seed,model_type,training_time_sec,r2_score,mape_percent
500,8,NN,7.992861270904541,0.9000884890556335,13.179099559783936
500,8,LR,0.10372781753540039,0.8417031764984131,20.080077648162842
