numsam,seed,model_type,training_time_sec,r2_score,mape_percent
500,3,NN,7.182088136672974,0.8981001973152161,12.327682226896286
500,3,LR,0.1289386749267578,0.7865164875984192,21.697434782981873
