numsam,seed,model_type,training_time_sec,r2_score,mape_percent
500,1,NN,8.506324291229248,0.8662877082824707,13.54026347398758
500,1,LR,1.5324475765228271,0.6664810180664062,25.840842723846436
