numsam,seed,model_type,training_time_sec,r2_score,mape_percent
500,2,NN,30.434555053710938,0.9037772417068481,12.81755417585373
500,2,LR,0.1208040714263916,0.8532150387763977,19.6764275431633
