first stage decision,expected second stage value
"(0, 0, 1, 0, 0, 0, 0, 0, 1, 0)",48.03312489508827
"(0, 0, 0, 0, 1, 0, 0, 0, 1, 0)",55.68135839175959
